{
  "AFGHANISTAN": [66.0, 33.0],
  "AFRICA": [25.0, 3.5],
  "ANTIGUA-BARBUDA": [-61.8, 17.1],
  "ARGENTINA": [-64.2, -34.6],
  "AUSTRIA": [13.3333, 47.5162],
  "AUSTRALIA": [134.5, -25.0],
  "BAHAMAS": [-77.4, 25.0],
  "BARBADOS": [-59.6, 13.2],
  "BELGIUM": [4.4699, 50.5039],
  "BELIZE": [-88.7, 17.2],
  "BOLIVIA": [-63.588653, -16.290154],
  "BRAZIL": [-53.2, -10.8],
  "BULGARIA": [25.48583, 42.733883],
  "BURMA": [96.0, 21.0],
  "CAMBODIA": [104.9, 12.6],
  "CANADA": [-106.346771, 56.130366],
  "CAPE-VERDE": [-23.6, 16.0],
  "CENTRAL-AMER": [-85.0, 13.5],
  "CHINA": [104.195397, 35.86166],
  "CHILE": [-71.542969, -35.675147],
  "COLOMBIA": [-74.3, 4.6],
  "COSTARICA": [-84.1, 9.9],
  "CROATIA": [15.2, 45.1],
  "CUBA": [-77.781167, 21.521757],
  "CZECHOSLOVAKIA": [15.5, 49.5],
  "ESTONIA": [25.0, 58.6],
  "DENMARK": [9.5018, 56.2639],
  "DOMINICAN-REPUBLIC": [-70.2, 19.0],
  "ECUADOR": [-78.2, -1.5],
  "EGYPT": [30.8, 27.0],
  "ELSALVADOR": [-88.9, 13.8],
  "ENGLAND": [-1.1743, 52.3555],
  "ETHIOPIA": [39.5, 9.1],
  "FIJI": [179.4, -17.8],
  "FINLAND": [25.748151, 61.92411],
  "FRANCE": [2.2137, 46.6034],
  "GERMANY": [10.4515, 51.1657],
  "GHANA": [-1.2, 7.9],
  "GIBRALTAR": [-5.345374, 36.140751],
  "GREAT BRITAIN": [-1.1743, 52.3555],
  "GREECE": [21.824312, 39.074208],
  "GRENADA": [-61.7, 12.1],
  "GUATEMALA": [-90.4, 15.5],
  "GUYANA": [-58.9, 4.8],
  "HAITI": [-72.7, 18.9],
  "HOLLAND": [4.9041, 52.3676],
  "HONDURAS": [-86.6, 14.8],
  "HONGKONG": [114.1694, 22.3193],
  "HUNGARY": [19.503304, 47.162494],
  "INDIA": [78.96288, 20.593684],
  "INDONESIA": [113.9, -0.8],
  "IRAN": [53.7, 32.4],
  "IRAQ": [43.7, 33.1],
  "IRELAND": [-8.2439, 53.4129],
  "IRELAND-EIRE": [-8.2439, 53.4129],
  "IRISH-FREESTATE": [-8.2439, 53.4129],
  "ISRAEL": [34.9, 31.5],
  "ITALY": [12.4964, 41.9028],
  "JAMAICA": [-77.3, 18.1],
  "JAPAN": [138.252924, 36.204824],
  "JORDAN": [36.8, 31.2],
  "KENYA": [37.9, 0.4],
  "KOREA": [127.5, 38.5],
  "LAOS": [103.7, 18.5],
  "LATVIA": [25.3, 56.9],
  "LEBANON": [35.9, 33.9],
  "LITHUANIA": [23.881275, 55.169438],
  "LUXEMBOURG": [6.129583, 49.815273],
  "MALAYSIA": [102.3, 4.2],
  "MALTA": [14.375416, 35.937496],
  "MEXICO": [-102.5528, 23.6345],
  "MONTENEGRO": [19.37439, 42.708678],
  "MOROCCO": [-6.0, 31.7],
  "NETHERLANDS": [5.291266, 52.132633],
  "NEW-ZEALAND": [172.6, -41.2],
  "NICARAGUA": [-85.0, 12.9],
  "NIGERIA": [8.7, 9.1],
  "NORTHERN-IRELAND": [-6.8, 54.65],
  "NORTH-AFRICA": [20.0, 26.5],

  "NORWAY": [8.4689, 60.472],
  "OTHER-AFRICA": [24.0, 3.5],

  "PAKISTAN": [69.3, 30.4],
  "PANAMA": [-80.0, 8.5],
  "PERU": [-75.0, -9.2],
  "PHILIPPINES": [122.9, 11.8],
  "POLAND": [19.145136, 51.919438],
  "PORTUGAL": [-9.139, 38.7223],
  "PRUSSIA": [13.4049, 52.52],
  "ROMANIA": [24.96676, 45.943161],
  "RUSSIA": [37.6173, 55.7558],
  "WESTERN SAMOA": [-172.5, -13.6],
  "SANDWICH ISLANDS": [-26.583, -59.4167],
  "SAUDIARABIA": [45.0, 23.9],
  "SCOTLAND": [-4.2026, 56.4907],
  "SENEGAL": [-14.5, 14.5],
  "SERBIA": [21.005859, 44.016521],
  "SLOVAKIA": [19.699024, 48.669026],
  "SLOVENIA": [14.995463, 46.151241],
  "SOUTH-AMER": [-60.0, -15.0],
  "SOUTHAFRICA": [24.0, -29.0],
  "SPAIN": [-3.7038, 40.4168],
  "SWEDEN": [18.6435, 60.1282],
  "SWITZERLAND": [8.2275, 46.8182],
  "SYRIA": [38.5, 35.0],
  "TAIWAN": [120.9, 23.7],
  "THAILAND": [100.5, 15.8],
  "TONGA": [-175.2, -21.2],
  "TRINIDAD-TOBAGO": [-61.2, 10.5],
  "TURKEY": [35.243322, 38.963745],
  "UKRAINE": [31.16558, 48.379433],
  "UNITED-KINGDOM": [-1.5, 53.5],
  "URUGUAY": [-56.0, -32.8],
  "VENEZUELA": [-66.2, 6.5],
  "VIETNAM": [106.3, 16.3],
  "WALES": [-3.7837, 52.1307],
  "YUGOSLAVIA": [17.679076, 43.915886]
}
